1,199,Bins-Breitenberg
2,870,"Block, Leannon and Hilll"
3,112,Bogan LLC
4,483,O'Kon-Lowe
5,495,Kuvalis-Jenkins
6,85,Feeney-Kautzer
7,308,Flatley-Huel
8,792,"Schoen, Kuphal and Considine"
9,408,Quitzon Group
10,578,Stroman-Grimes
11,801,"Pollich, Cassin and Gislason"
12,407,Larson and Sons
13,451,"Dickens, Deckow and Bruen"
14,161,Keeling-McKenzie
15,763,Halvorson Inc
16,970,Shields Inc
17,112,Stehr Group
18,610,"Wisozk, Schuppe and Stroman"
19,844,Ankunding Inc
20,94,Zieme-Graham
21,484,"Hilll, O'Keefe and Lubowitz"
22,476,Mraz-Nolan
23,289,Lubowitz and Sons
24,389,"Trantow, Beatty and Kassulke"
25,115,"Maggio, Witting and Moore"
26,479,O'Conner-Runolfsdottir
27,522,Champlin-Crooks
28,491,"Carroll, Yost and Konopelski"
29,842,"Turcotte, Koepp and Morissette"
30,294,Erdman-Aufderhar
31,985,Berge-Hills
32,617,Simonis-Friesen
33,936,"Mante, Huels and Lehner"
34,178,Armstrong and Sons
35,303,Upton and Sons
36,373,Rogahn-Collier
37,284,Wiza Group
38,543,Brown and Sons
39,340,"Wuckert, Gleichner and Beahan"
40,896,Roberts and Sons
41,72,Harvey and Sons
42,972,"Shields, Lebsack and Upton"
43,941,Kuhic Group
44,15,Kuhlman-Swift
45,604,Schulist-Denesik
46,584,"Turner, Reynolds and Jenkins"
47,510,Stoltenberg-Von
48,313,Gorczany LLC
49,480,Rippin and Sons
50,338,Veum-Nikolaus
51,802,"Goldner, Wuckert and Wolf"
52,509,Batz-Senger
53,415,Hamill LLC
54,852,"Turcotte, Hauck and Cummerata"
55,819,"Miller, Powlowski and Kilback"
56,463,"Fisher, Spinka and Gottlieb"
57,5,"Leffler, Boyle and Cormier"
58,452,Johnson-Blick
59,989,"Jenkins, Gerlach and Wisoky"
60,963,Feeney-Romaguera
61,420,"Reinger, Raynor and Kilback"
62,965,"Bahringer, Quitzon and Rutherford"
63,701,Trantow and Sons
64,832,"Feeney, Wiegand and Predovic"
65,94,Keeling and Sons
66,221,Maggio-Trantow
67,456,"Terry, Leffler and Orn"
68,399,"Wunsch, Dickens and Schmitt"
69,954,Lueilwitz Group
70,53,Bailey Group
71,464,Flatley-Zemlak
72,680,Runolfsdottir Group
73,775,Legros Inc
74,45,"Graham, Schoen and Kshlerin"
75,443,Bartoletti LLC
76,80,Bradtke and Sons
77,983,Fay and Sons
78,619,Mraz-Predovic
79,42,Cummerata Group
80,299,Schroeder LLC
81,15,Tremblay-Yost
82,53,"Towne, Jacobson and Jacobi"
83,783,Altenwerth Group
84,997,Wilkinson LLC
85,233,"Rath, Yundt and Mraz"
86,150,"Rolfson, Jast and Prohaska"
87,197,"Hermiston, Carroll and Friesen"
88,291,"Quigley, Schimmel and Lebsack"
89,114,Hilll-Wolf
90,2,Yundt-Mante
91,834,"Schaden, Mohr and Crooks"
92,808,"Macejkovic, Lang and Larkin"
93,911,Langosh-Greenholt
94,104,Rath LLC
95,736,Kautzer Group
96,532,Gaylord-Wiegand
97,685,Funk-Wisozk
98,461,Swift-Considine
99,333,Bogan-Gaylord
100,489,Cremin-Denesik
101,303,Mosciski-McLaughlin
102,231,"Schroeder, Keeling and Wilderman"
103,473,"Hermiston, Lueilwitz and Zboncak"
104,199,Reichert-Schinner
105,381,"Veum, Schuppe and Lowe"
106,416,Prohaska Group
107,769,Donnelly Group
108,769,"Bartell, Lemke and Nikolaus"
109,91,Krajcik and Sons
110,218,Simonis LLC
111,158,Huel-Lubowitz
112,168,Reilly Group
113,766,Pagac Group
114,322,"Koss, Medhurst and Stoltenberg"
115,530,"Kuhn, Schuster and Weber"
116,651,Herzog and Sons
117,580,Altenwerth LLC
118,645,Green Group
119,850,"Koss, Hegmann and Osinski"
120,806,"Koch, Dach and Russel"
121,119,"Bartoletti, Hettinger and Nader"
122,979,Nader and Sons
123,683,Hoeger Inc
124,267,Farrell-Mertz
125,273,"Kris, Grant and Volkman"
126,982,Prosacco LLC
127,308,"Mills, Lemke and Bergnaum"
128,453,Beer Group
129,783,Frami-Von
130,632,Wisoky-Mitchell
131,476,Renner and Sons
132,371,"Swift, Goldner and Stiedemann"
133,503,Boyer-Halvorson
134,613,"Romaguera, Mraz and Strosin"
135,718,Rau-Smith
136,285,Lockman and Sons
137,443,"Huels, Russel and Zieme"
138,471,"D'Amore, Auer and Graham"
139,966,Harris Group
140,993,"Rolfson, Bashirian and Hirthe"
141,492,"Reinger, Wiegand and Thompson"
142,696,"Stanton, Maggio and Gorczany"
143,421,Harber-Daugherty
144,349,Hermann-Von
145,245,Dibbert-Kessler
146,545,Ullrich-Bartoletti
147,998,Murphy-Berge
148,556,Heathcote Group
149,661,Hintz-Lueilwitz
150,743,Stiedemann-Mraz
151,300,Ryan-Jacobs
152,207,"Mayert, Glover and VonRueden"
153,237,Dietrich-Hayes
154,770,"Gibson, Hand and Roob"
155,521,"Cruickshank, Windler and Miller"
156,195,Jerde-Mayer
157,665,Pollich Group
158,230,Erdman Inc
159,214,Cole and Sons
160,115,"O'Conner, Hilll and Cormier"
161,771,Spencer Inc
162,775,Hand-Kuvalis
163,878,"Morar, Nitzsche and Ondricka"
164,702,Schinner-Lemke
165,23,"Mayer, Lakin and Fahey"
166,446,Hagenes-White
167,638,Langosh Group
168,978,Reichel-Bergnaum
169,126,Braun-Rippin
170,643,"Gislason, Bins and Yost"
171,810,Green-Mante
172,932,"Cummings, D'Amore and Bosco"
173,957,"Conroy, Stokes and Jones"
174,874,"Ritchie, Wisoky and Dickinson"
175,913,Schmeler Inc
176,48,Schroeder Group
177,764,"Pfeffer, Franecki and Spinka"
178,340,Fay-Dach
179,985,"Padberg, Collins and Goyette"
180,141,"Windler, Macejkovic and Hermann"
181,104,Fahey Inc
182,355,Brakus-Anderson
183,670,"Effertz, Borer and Cronin"
184,109,Cummings Inc
185,394,Sawayn Inc
186,705,Goodwin Inc
187,326,"Lueilwitz, Shanahan and Schmitt"
188,669,Heller Group
189,587,Armstrong-Reynolds
190,541,"Homenick, Kessler and Kemmer"
191,733,"Schulist, Effertz and Cummerata"
192,358,D'Amore-Cremin
193,783,Tillman and Sons
194,486,"Boehm, Nitzsche and Lubowitz"
195,187,Yundt Inc
196,378,Walsh LLC
197,621,Quitzon Inc
198,272,"Beatty, Koelpin and Willms"
199,580,Boyle Inc
200,581,Kiehn-Ferry
201,865,"McLaughlin, Hilpert and Lynch"
202,149,"Schumm, Roberts and Heaney"
203,899,Barton-Wunsch
204,167,Volkman-VonRueden
205,463,"Baumbach, Zieme and MacGyver"
206,699,"Anderson, Wehner and Reilly"
207,421,Harber Group
208,607,Osinski LLC
209,596,Veum-Schaefer
210,184,Wilderman LLC
211,823,"Torphy, Bayer and Carroll"
212,713,Greenholt LLC
213,145,Kris-Hintz
214,904,Homenick-Skiles
215,172,Goyette Inc
216,654,"Schulist, Sawayn and Hermann"
217,372,"Toy, Durgan and Ernser"
218,343,"Rippin, Skiles and Boehm"
219,785,Bernier Group
220,643,Weber-Hansen
221,489,Jakubowski Inc
222,717,Murphy-Keebler
223,981,Konopelski Inc
224,174,"Rowe, Schmeler and Sauer"
225,784,"Bosco, Shields and Jast"
226,648,Nader-Lehner
227,272,Schmeler and Sons
228,433,"Walter, Buckridge and Jenkins"
229,155,Auer Group
230,638,Wisoky-Schmitt
231,387,"Kirlin, Ernser and Hansen"
232,228,Murazik-Reynolds
233,894,Ankunding LLC
234,826,Yost LLC
235,395,Kihn-Mueller
236,353,Gusikowski-Runolfsdottir
237,848,Ankunding-Botsford
238,586,"O'Reilly, Simonis and Kshlerin"
239,735,Rau and Sons
240,539,Kreiger-Macejkovic
241,329,"Lang, Goldner and Mertz"
242,485,Nitzsche Inc
243,622,"Luettgen, Murray and Gerlach"
244,892,Wuckert Inc
245,903,Huels Inc
246,429,Armstrong Group
247,932,Koch-Herman
248,936,Roberts-Sporer
249,494,Flatley-Corkery
250,8,Botsford and Sons
251,878,Rowe-Kunde
252,974,Dicki-Jacobson
253,243,Hintz-Gerhold
254,780,Wyman LLC
255,425,"Johnston, Rutherford and Jacobson"
256,645,Krajcik-Murazik
257,96,Shanahan-Hagenes
258,768,Trantow Inc
259,966,Jones and Sons
260,84,"Aufderhar, Waters and Maggio"
261,377,Rowe-Crooks
262,434,"Wilkinson, Barton and West"
263,449,Braun-Oberbrunner
264,749,Schneider LLC
265,208,"Waters, MacGyver and Jerde"
266,984,"Powlowski, Reynolds and Friesen"
267,268,Hettinger-Schmitt
268,647,Hermiston-West
269,406,Ryan-Pagac
270,854,"Kovacek, McLaughlin and Christiansen"
271,498,Watsica Group
272,549,Ebert LLC
273,396,"Blanda, Hauck and Kerluke"
274,248,Ward LLC
275,458,"Haag, Torphy and Beier"
276,449,Schulist LLC
277,50,Nicolas-O'Conner
278,273,Satterfield LLC
279,268,"Hoeger, Ankunding and Hodkiewicz"
280,364,"Goldner, Brekke and Johns"
281,204,Kemmer Group
282,432,"Casper, Altenwerth and Sawayn"
283,807,Hagenes LLC
284,147,Legros LLC
285,224,Quigley-Satterfield
286,787,Goodwin-Cremin
287,350,Veum-Robel
288,949,"Davis, Larkin and Schaefer"
289,552,"Lebsack, Kemmer and Rogahn"
290,96,"Waelchi, Schamberger and Waters"
291,566,"Mayer, Cruickshank and Ernser"
292,605,"Rowe, Wilderman and O'Conner"
293,156,Aufderhar Group
294,667,Crooks and Sons
295,512,Lowe-Swift
296,183,Upton and Sons
297,14,Braun-Weissnat
298,921,Padberg-Dare
299,722,Cummerata-Weber
300,656,"Bayer, Jaskolski and Hills"
301,486,Bahringer LLC
302,649,"Nikolaus, Weimann and Carroll"
303,733,Trantow and Sons
304,468,Mertz-Ernser
305,214,Jast and Sons
306,8,"Legros, Deckow and Kunze"
307,281,"Mraz, Wunsch and Krajcik"
308,948,Feest-Johns
309,211,"Hermiston, Bayer and Yost"
310,629,Dibbert Group
311,765,Lind-Cole
312,656,Hegmann LLC
313,146,Schinner Inc
314,877,Douglas and Sons
315,937,Reynolds Group
316,571,"Kunze, Hirthe and Muller"
317,141,Herman Inc
318,491,Pfeffer and Sons
319,374,"Lind, Hagenes and Daugherty"
320,822,Davis and Sons
321,815,Predovic LLC
322,483,Ebert-Orn
323,630,Cruickshank-Stanton
324,692,"Hilll, Sauer and O'Reilly"
325,66,Paucek-Keeling
326,492,Douglas-Daugherty
327,120,Schaefer-Wehner
328,642,Koelpin-Moen
329,854,Collier and Sons
330,555,Stokes LLC
331,736,Daniel Group
332,266,Purdy LLC
333,34,"Fritsch, Larson and Wolf"
334,936,"Johnson, Lang and Botsford"
335,690,Koch-Friesen
336,281,Kemmer Inc
337,406,Ziemann-Mayer
338,668,Halvorson-Lueilwitz
339,799,Doyle and Sons
340,113,Greenfelder-Roob
341,394,"Mueller, Lubowitz and Bergstrom"
342,716,"Jerde, Marks and Haag"
343,691,"Turcotte, Adams and Sipes"
344,545,"MacGyver, Langosh and Pacocha"
345,37,"Gusikowski, VonRueden and Dickinson"
346,936,"Daniel, Morar and Brown"
347,560,Gulgowski-Fahey
348,353,"Kunze, Langosh and Pfeffer"
349,756,Adams Inc
350,741,McGlynn-Tromp
351,585,Kuphal Group
352,828,"Turner, Cummerata and Walter"
353,161,Schuster LLC
354,999,Von and Sons
355,64,"Russel, Weber and Marvin"
356,224,Williamson-Batz
357,183,Crooks Inc
358,687,"Williamson, Kozey and Wolf"
359,602,Frami-Champlin
360,310,Rowe Group
361,770,"Bauch, Blanda and Jacobson"
362,711,"Reynolds, Kilback and Pouros"
363,634,"Cruickshank, Schmeler and Funk"
364,390,Weissnat Inc
365,100,Pfeffer-Murphy
366,466,"Ritchie, Jenkins and Greenfelder"
367,225,Ernser-Rodriguez
368,258,Abbott-O'Hara
369,453,"O'Reilly, Wiza and Dach"
370,753,West-Von
371,934,"Wiza, Cremin and Heidenreich"
372,39,Marks and Sons
373,106,Russel-Beier
374,716,Berge-Leuschke
375,239,Runte-Hyatt
376,705,Gutkowski-Lang
377,699,"Considine, Okuneva and Littel"
378,367,"Bauch, Bergnaum and Rodriguez"
379,469,"Satterfield, Leannon and Hane"
380,508,Cruickshank-Leannon
381,687,"Weber, Wolf and Fadel"
382,116,Gleason Group
383,377,Hagenes-Hessel
384,40,Runolfsson Group
385,847,"O'Kon, Farrell and O'Conner"
386,794,Marks Inc
387,184,Weissnat-Ondricka
388,480,Walter and Sons
389,128,Welch-McGlynn
390,155,Kiehn-Leannon
391,252,"Block, Quitzon and Daniel"
392,877,"Steuber, Bradtke and Torp"
393,488,"Bahringer, Fadel and Cronin"
394,161,Ondricka-Marks
395,468,Satterfield Inc
396,144,Lubowitz LLC
397,667,Schmidt LLC
398,454,"Witting, Rosenbaum and Ruecker"
399,501,Baumbach and Sons
400,982,Fisher and Sons
401,49,Wilkinson-Kihn
402,64,Lemke and Sons
403,612,"Collins, Lowe and Kuphal"
404,908,"Simonis, Dach and Ratke"
405,666,"Lynch, Hills and Hermiston"
406,542,Spencer-Rice
407,476,Huel Inc
408,638,"Mosciski, Purdy and Jacobi"
409,324,"Hoppe, Kuvalis and Swaniawski"
410,427,Mueller-Franecki
411,323,Kilback-West
412,710,Bergnaum-Steuber
413,382,Pfeffer-Gusikowski
414,561,Howe and Sons
415,555,Jones-Dicki
416,25,Lowe LLC
417,932,Treutel Inc
418,602,Haley LLC
419,758,Leuschke-Murray
420,78,"Jast, Frami and Rau"
421,881,Schimmel-Spinka
422,328,Lynch Inc
423,45,Bartoletti Group
424,333,Batz LLC
425,770,Hagenes-Zulauf
426,777,Adams LLC
427,997,Schuppe Group
428,181,"Farrell, Quigley and Greenholt"
429,417,White-Borer
430,162,"Gorczany, O'Connell and Runte"
431,478,"Hermiston, Pollich and Cremin"
432,132,Kreiger LLC
433,961,Stanton-Bartoletti
434,252,Hessel LLC
435,617,"Farrell, Pacocha and Becker"
436,779,Buckridge-Yundt
437,713,"Ullrich, Kertzmann and Hayes"
438,592,Rutherford-Gutkowski
439,780,Wilkinson Group
440,757,Gaylord Inc
441,321,"Wilderman, Marks and Hyatt"
442,324,"Boyer, Boehm and Kuhn"
443,956,Lueilwitz Group
444,300,"Gaylord, Ward and Bechtelar"
445,573,"Kovacek, Bashirian and Dare"
446,47,Waters-Williamson
447,584,Reichel Group
448,49,"Leffler, Maggio and O'Reilly"
449,835,Kutch Inc
450,539,"MacGyver, Nolan and Douglas"
451,509,"Gislason, Baumbach and Collier"
452,796,Reichel-Emmerich
453,77,Larson Group
454,610,Labadie Inc
455,756,"Schinner, Yost and Marvin"
456,841,Weissnat-Beatty
457,99,Armstrong-Keebler
458,66,Von-Becker
459,606,Heaney Group
460,87,Aufderhar LLC
461,281,Hessel-Hansen
462,264,Bradtke and Sons
463,227,Graham Inc
464,69,O'Hara-Turcotte
465,112,Lebsack-Mueller
466,751,Kohler-Hodkiewicz
467,229,Gutkowski Group
468,693,Bruen Inc
469,679,Nicolas-Bins
470,723,Hilll Group
471,878,Rodriguez and Sons
472,240,Mohr-Gutkowski
473,264,Bashirian and Sons
474,509,Will Inc
475,660,Graham-Stiedemann
476,819,Haley-Moen
477,343,Shanahan-Haley
478,673,Cummerata-Klocko
479,456,Lang-Towne
480,104,Simonis-Waelchi
481,239,Haag and Sons
482,51,Schuppe-Abbott
483,984,Welch-Hodkiewicz
484,576,"Hahn, Gaylord and Wuckert"
485,821,Fritsch Inc
486,48,"Green, Turcotte and Cassin"
487,825,"Lind, Heidenreich and Feest"
488,247,"Sporer, Prohaska and Sauer"
489,332,Pagac LLC
490,474,Rohan LLC
491,181,Hyatt Inc
492,760,Kohler-Monahan
493,208,Keebler Group
494,840,Jenkins-McGlynn
495,666,Labadie-Breitenberg
496,533,Crona LLC
497,18,"Lueilwitz, Bartoletti and Gulgowski"
498,267,"Lockman, Borer and Balistreri"
499,964,Koss-Thompson
500,915,Gerlach LLC
501,598,"Pfeffer, McCullough and Wolff"
502,563,Cummings-Luettgen
503,24,"Dietrich, Bogisich and Deckow"
504,949,Wolf Group
505,840,Nitzsche LLC
506,723,Gutkowski-O'Hara
507,326,Vandervort-Howe
508,986,"Blick, Cruickshank and Bradtke"
509,56,"Ledner, Price and Bartell"
510,796,Reynolds Inc
511,821,Luettgen-Baumbach
512,487,Hills Group
513,998,"Balistreri, Maggio and Torphy"
514,734,Kling-Dare
515,634,"Fay, Hermann and Weimann"
516,780,Toy and Sons
517,527,"Gleichner, Moore and McCullough"
518,594,O'Kon-Leannon
519,459,Hoppe LLC
520,885,Roberts-Grimes
521,985,King LLC
522,430,Fritsch-Cruickshank
523,514,D'Amore and Sons
524,642,White-Yost
525,41,Farrell-Fay
526,727,"Kiehn, Schaefer and Kuphal"
527,463,Wintheiser Group
528,148,"Stoltenberg, Paucek and Rosenbaum"
529,523,Von LLC
530,201,Buckridge Group
531,881,Wisozk Inc
532,688,"Cronin, Turner and Breitenberg"
533,292,Kohler Inc
534,557,Leuschke-Crist
535,681,Barton Group
536,669,O'Reilly-Greenfelder
537,260,"Orn, Schultz and Jones"
538,976,Beier-O'Hara
539,490,Hudson and Sons
540,290,"Pfeffer, Rohan and Franecki"
541,560,Cassin LLC
542,290,Reichel-Pfannerstill
543,889,Christiansen-Kessler
544,705,Cronin LLC
545,787,Braun-Stark
546,494,Huels-DuBuque
547,552,Sanford LLC
548,254,"Schuppe, Kuhic and Roberts"
549,329,Abernathy Inc
550,836,Kessler-Towne
551,304,Rutherford LLC
552,510,"Weber, Moore and Smith"
553,32,Schroeder-Bergnaum
554,269,"Hickle, Lemke and Blick"
555,246,Labadie-Zemlak
556,985,"Murphy, Lind and Ondricka"
557,541,Schimmel-Kovacek
558,895,"McCullough, Bergstrom and Dooley"
559,752,"Prosacco, Toy and Hegmann"
560,943,Conroy LLC
561,3,"O'Keefe, Cronin and Grant"
562,430,Thiel-Gibson
563,514,Stoltenberg Inc
564,395,"Lindgren, Walter and Rodriguez"
565,33,Shields and Sons
566,283,Gerlach Inc
567,318,Breitenberg LLC
568,642,Grimes Inc
569,791,Ebert-Tremblay
570,358,Davis and Sons
571,87,Denesik LLC
572,452,"Schultz, Zieme and Hand"
573,224,Koelpin-Wilderman
574,636,Padberg-Langworth
575,309,Hessel-Conn
576,952,Pouros-Walsh
577,649,"Cruickshank, Reichert and Hartmann"
578,661,"Kuvalis, Senger and Cormier"
579,882,"Kris, Sipes and Kertzmann"
580,676,"Oberbrunner, Gutkowski and Quigley"
581,488,Huel and Sons
582,587,Harvey-Kemmer
583,118,Prosacco-O'Conner
584,435,Powlowski-Schuppe
585,829,Mraz-King
586,912,Windler Inc
587,348,"Wisoky, Gerlach and Nader"
588,378,"Corkery, Schoen and Zulauf"
589,99,Daniel-Zemlak
590,787,King LLC
591,915,Heller-Wiegand
592,870,Ondricka-Baumbach
593,25,"Lockman, Kemmer and Marquardt"
594,643,Stroman-Raynor
595,870,Armstrong and Sons
596,393,Heaney-Schinner
597,379,Carter-Ortiz
598,639,Schowalter Group
599,160,"Ondricka, O'Reilly and Bosco"
600,932,Miller Group
601,576,"Koepp, Stark and Berge"
602,58,Hickle-Gislason
603,343,Waters-Sauer
604,722,Kirlin-Lueilwitz
605,167,"Torphy, Wehner and Marvin"
606,261,"Schmeler, Sanford and Batz"
607,21,Hayes Group
608,947,Luettgen Inc
609,34,Reynolds-Lemke
610,964,McCullough-Anderson
611,974,Johnston Group
612,611,"Greenholt, Langosh and Ortiz"
613,200,"Fritsch, Sanford and Weissnat"
614,455,Runolfsson and Sons
615,629,Weimann-Braun
616,588,"Lakin, Ratke and Gulgowski"
617,472,"Deckow, Huel and Kassulke"
618,957,Rice Group
619,50,Roberts and Sons
620,426,"Mante, Schumm and Kulas"
621,819,Bogan-Kovacek
622,931,Kemmer-Gulgowski
623,680,Jones LLC
624,861,"Zemlak, Halvorson and Hirthe"
625,520,"Kemmer, Hilpert and Towne"
626,325,"Stokes, Dibbert and Hahn"
627,799,"Murphy, Bernhard and Glover"
628,230,Gerlach Group
629,706,Grady LLC
630,857,Brown Inc
631,750,Bednar-Stehr
632,482,Anderson-Lesch
633,125,Dickinson-Batz
634,266,Wiza LLC
635,33,Kuhlman and Sons
636,293,Pollich Inc
637,682,"Runolfsdottir, Bauch and Rice"
638,176,"Lehner, Wintheiser and Barton"
639,995,Rosenbaum-Sporer
640,453,Stracke Inc
641,146,Labadie and Sons
642,225,Walsh-Nicolas
643,655,Jaskolski-Hodkiewicz
644,949,"Hauck, Lynch and Yundt"
645,157,Bednar-Lebsack
646,860,Kreiger Inc
647,180,"Stehr, Abernathy and Mohr"
648,894,"Sawayn, McDermott and Satterfield"
649,914,Bauch Group
650,92,Casper-Kling
651,720,"Breitenberg, Schiller and Ankunding"
652,456,"Jakubowski, Kozey and Ratke"
653,798,Rath-Batz
654,493,"Corwin, Romaguera and Johnson"
655,379,Vandervort Inc
656,454,Rodriguez and Sons
657,645,Heaney-Champlin
658,309,"Buckridge, Goodwin and Rau"
659,431,Stiedemann-Upton
660,682,Wiza LLC
661,226,Hermiston Group
662,673,"Steuber, Dickens and Monahan"
663,342,Leuschke-Braun
664,854,Gleichner-Heathcote
665,137,Cremin-Willms
666,92,Halvorson LLC
667,364,Kozey-Walsh
668,474,Simonis-Jacobi
669,759,Kuhn-Greenholt
670,581,McDermott LLC
671,210,Pfannerstill-McDermott
672,694,Hermiston Inc
673,100,McDermott-Predovic
674,996,Grady-Prohaska
675,34,Kirlin Inc
676,128,Reilly-DuBuque
677,747,Beatty-Strosin
678,229,"Bashirian, Swaniawski and Casper"
679,401,Considine-Wisoky
680,232,Brekke-Mitchell
681,669,"Walker, Schaefer and Smith"
682,794,Koepp and Sons
683,156,"Hegmann, Treutel and Berge"
684,397,Nolan Group
685,916,"Lesch, Ondricka and Spencer"
686,587,McClure Group
687,357,Wiza Inc
688,37,Rath Inc
689,661,Mitchell-Yost
690,592,Cummerata Group
691,742,Kessler-O'Hara
692,352,Langworth Inc
693,325,Homenick and Sons
694,850,Hilpert-Frami
695,23,Nolan Inc
696,274,Stiedemann-Hoppe
697,86,Bode-O'Kon
698,377,Wisozk-Keebler
699,177,"Lesch, Sawayn and Hintz"
700,298,"Toy, Rempel and Gerhold"
701,235,Hand-Robel
702,338,McDermott and Sons
703,692,Mayert LLC
704,276,"Kessler, Hudson and Davis"
705,638,Rosenbaum and Sons
706,542,Daniel-Okuneva
707,617,"Kerluke, Lang and Langosh"
708,139,"Kub, Dicki and Leuschke"
709,927,"Hegmann, Wisozk and Flatley"
710,832,"Volkman, Olson and Dare"
711,592,Ferry-Kuphal
712,830,Weissnat-Bashirian
713,458,"Wiegand, Morar and Parisian"
714,273,Predovic Group
715,101,"Kunze, Heathcote and Schneider"
716,887,Pfeffer-Kovacek
717,590,Nicolas-Heller
718,167,Schultz-Volkman
719,810,"Braun, Greenfelder and Kassulke"
720,617,Labadie LLC
721,655,Bruen Group
722,151,Lang-Weissnat
723,375,Glover-Lemke
724,876,"Sanford, Heaney and Beier"
725,145,Beahan and Sons
726,280,Wilderman-Bins
727,489,"Hayes, Predovic and Tillman"
728,149,"Bogisich, Nienow and Batz"
729,88,Volkman-Rau
730,170,"Becker, Little and Bahringer"
731,179,Lockman LLC
732,495,"Wuckert, Reilly and Stracke"
733,945,"Stehr, Thompson and Heaney"
734,558,Johns-Altenwerth
735,626,"Kilback, Stokes and Streich"
736,95,Rutherford and Sons
737,835,"Cremin, Bernhard and Gulgowski"
738,121,Mitchell-Kovacek
739,837,"Koepp, Cremin and Satterfield"
740,6,Koch-Nitzsche
741,684,Berge LLC
742,896,"Crooks, Heaney and Becker"
743,780,"Spencer, Lowe and Bernier"
744,968,Kuhn LLC
745,292,Schmeler LLC
746,443,Kreiger-Schaden
747,511,Cassin LLC
748,215,Predovic-Langworth
749,276,Schmidt and Sons
750,172,Anderson-Bosco
751,188,"Terry, Gutkowski and Greenfelder"
752,247,McClure-Ruecker
753,80,Lehner-Stamm
754,957,Hahn Group
755,54,"Nader, Tremblay and Robel"
756,801,Thiel-Hoppe
757,816,Bins Group
758,45,Wehner-Wintheiser
759,840,Kertzmann Group
760,589,Lockman Group
761,653,"Fisher, Jones and Sporer"
762,189,"Nikolaus, King and Reilly"
763,368,Hilll-Wilderman
764,318,Price-Schowalter
765,209,"Hagenes, Jast and Kihn"
766,680,Macejkovic-Weissnat
767,424,Konopelski-Wehner
768,181,"Braun, O'Hara and Wyman"
769,549,"Flatley, Rodriguez and Labadie"
770,185,"Robel, Zboncak and Howell"
771,740,Wilderman-Conroy
772,197,Bashirian-Boyle
773,870,Morissette-Bergnaum
774,158,"Emmerich, Schulist and Keeling"
775,414,Schuppe Group
776,863,"Kunze, Kuhn and Beier"
777,632,"Stehr, Quitzon and Bergnaum"
778,129,"Swift, Walter and Kerluke"
779,95,Jakubowski-Langworth
780,477,Treutel-Morissette
781,989,Schmeler-King
782,876,"Weimann, Kiehn and Rutherford"
783,446,Moen Group
784,14,Waters Inc
785,61,Medhurst Group
786,460,"Bechtelar, Emmerich and Trantow"
787,163,"Kunde, Schimmel and Pfeffer"
788,868,Mosciski-Smitham
789,849,Stark and Sons
790,629,Gusikowski-Hackett
791,160,Hettinger LLC
792,727,Walker-Gerhold
793,348,Littel LLC
794,620,Fadel and Sons
795,2,"Gulgowski, Wintheiser and Pacocha"
796,26,Wyman-Blanda
797,526,Jakubowski Group
798,804,Romaguera Group
799,913,Rippin and Sons
800,681,"Ondricka, Herman and Sporer"
801,441,"Koepp, O'Hara and McClure"
802,748,O'Conner LLC
803,869,Champlin-Lueilwitz
804,70,Beatty Inc
805,869,"Trantow, Cormier and Oberbrunner"
806,533,Murphy and Sons
807,97,"Schiller, Gulgowski and Schmeler"
808,860,Turner-Ebert
809,828,"Torp, Rogahn and Murray"
810,177,Blanda Group
811,910,"Ernser, Connelly and Barton"
812,384,Grimes and Sons
813,689,Moen Inc
814,148,Willms-Gorczany
815,643,Marquardt Group
816,191,"Stracke, Hagenes and Runte"
817,439,Leuschke LLC
818,274,Jast-Buckridge
819,39,"Leannon, Larson and Oberbrunner"
820,855,Hintz-Heller
821,227,Miller Group
822,556,Herman-Stanton
823,729,Romaguera Group
824,416,"Kozey, Jacobi and Bosco"
825,537,Olson-Baumbach
826,198,Grimes LLC
827,933,"Smith, Farrell and Kuhlman"
828,36,Orn Inc
829,510,"Morar, Schneider and O'Keefe"
830,414,Cremin Inc
831,128,Thompson-Effertz
832,921,"Stanton, Stokes and Block"
833,790,"Schowalter, Kuhic and Runte"
834,138,Johnson-O'Connell
835,816,Glover and Sons
836,475,Becker-Schinner
837,950,Padberg-Halvorson
838,547,Langosh-Renner
839,354,Rau-Jerde
840,841,"Collier, Herman and Shields"
841,598,Prohaska and Sons
842,264,Tillman Group
843,841,Bergstrom Inc
844,304,Schinner LLC
845,81,Hackett Group
846,199,"Rolfson, Mertz and Bogisich"
847,300,Wisoky and Sons
848,557,Nicolas-Lesch
849,999,Tromp-Pfeffer
850,95,Mills LLC
851,144,Altenwerth Inc
852,562,Veum LLC
853,676,"Trantow, Hessel and Quigley"
854,791,Brakus-Durgan
855,134,Homenick and Sons
856,161,"Morar, Legros and Schumm"
857,220,Pfeffer and Sons
858,686,Prosacco Inc
859,953,Nolan Inc
860,121,"Ondricka, O'Conner and Stiedemann"
861,580,Raynor-Kuhlman
862,950,Leannon-Schultz
863,582,Frami and Sons
864,828,"Dicki, Smitham and Langworth"
865,128,Bernhard Inc
866,122,Olson LLC
867,545,Dooley-Pfeffer
868,623,"Cassin, Hessel and Jacobs"
869,111,"Lesch, Harber and Crooks"
870,588,"Romaguera, Zieme and Murray"
871,791,"Hirthe, Mosciski and Reilly"
872,381,Oberbrunner Group
873,994,"Heaney, Gorczany and Von"
874,50,Hammes and Sons
875,11,Kozey-Padberg
876,72,Adams-Ruecker
877,966,"Abshire, Nikolaus and Tillman"
878,667,Welch Inc
879,128,"Fisher, Rodriguez and Ortiz"
880,627,Hilpert-Cartwright
881,885,Nitzsche-Kling
882,765,Muller-Schuppe
883,997,Ledner-Ebert
884,410,Berge-Stracke
885,99,Lind-Leffler
886,816,Price LLC
887,457,"Moen, Rutherford and Mraz"
888,934,Zulauf Inc
889,361,Mayer Group
890,991,Hermann Inc
891,264,"Cronin, Pouros and Cummings"
892,51,"Kreiger, Altenwerth and Anderson"
893,785,Fahey-Metz
894,59,Fay-Daugherty
895,710,Donnelly-Kreiger
896,816,Jacobs Group
897,124,Turcotte and Sons
898,770,Gerhold LLC
899,561,Leannon-Schimmel
900,661,"Dicki, Grant and Powlowski"
901,400,"Hartmann, Stoltenberg and Walter"
902,652,"Kuhlman, Robel and Balistreri"
903,209,"Durgan, Bernhard and Schmitt"
904,734,Fadel-West
905,257,"Friesen, Balistreri and Skiles"
906,966,Connelly Inc
907,719,Casper Inc
908,794,"Nicolas, Gulgowski and Schiller"
909,963,"Morissette, Grant and Nader"
910,554,Hickle-Hayes
911,396,"Harber, Wiegand and Ferry"
912,762,"Weissnat, Leffler and Dibbert"
913,273,Prosacco-Grant
914,471,"Jacobi, Quigley and Steuber"
915,127,"Spencer, Reilly and Bailey"
916,713,Feeney and Sons
917,738,"Heidenreich, Bruen and Schneider"
918,671,Gutmann-Heaney
919,844,"Witting, Stamm and Lowe"
920,98,"Mayert, Lockman and Beer"
921,946,Mohr-Jones
922,524,Kling Group
923,110,"Cartwright, Leuschke and O'Connell"
924,395,Douglas-Murazik
925,616,"Nitzsche, Stiedemann and Glover"
926,383,Waters-Streich
927,137,Haag and Sons
928,185,Weimann-Altenwerth
929,212,Price and Sons
930,144,Daugherty Group
931,138,"Muller, Mante and Zemlak"
932,40,Mosciski-Schinner
933,514,Hudson Inc
934,921,"Moen, Bergstrom and Jacobs"
935,683,Wolff-Jaskolski
936,842,Jast-Rutherford
937,120,"Upton, Stoltenberg and Rice"
938,636,"Harvey, Botsford and Waters"
939,153,Streich-Watsica
940,92,Dicki-Bayer
941,249,"Daniel, Runte and Cormier"
942,303,Prosacco-Baumbach
943,439,O'Reilly-Wiza
944,790,Hoeger-Bauch
945,468,"Hilpert, Huel and Shields"
946,759,Donnelly-Buckridge
947,702,Glover Group
948,427,Jerde and Sons
949,83,Zemlak-Schneider
950,538,Hoeger-Casper
951,684,Gleichner-Dibbert
952,343,"Shields, Boyer and Brown"
953,446,"Boyle, Swaniawski and Hettinger"
954,769,Ullrich-Heller
955,7,"Tromp, Turner and Jaskolski"
956,844,"Upton, Schultz and Hilll"
957,651,"Kuhlman, West and Harber"
958,732,"Schaefer, D'Amore and Langosh"
959,973,"Prohaska, Doyle and Bahringer"
960,227,"Tremblay, Shields and O'Connell"
961,710,Altenwerth and Sons
962,15,O'Connell Group
963,930,Padberg-Ryan
964,675,"Leannon, Cronin and VonRueden"
965,612,Wisozk and Sons
966,349,Ullrich Inc
967,40,"Ratke, Fritsch and Zboncak"
968,991,Pacocha Group
969,392,Bernhard Inc
970,384,"Jaskolski, Heaney and Baumbach"
971,929,Purdy LLC
972,467,Dickinson Inc
973,409,Bernier Group
974,377,Quigley Inc
975,863,"Kemmer, Gottlieb and Sanford"
976,476,McDermott LLC
977,656,O'Keefe LLC
978,811,Prohaska and Sons
979,469,Bins-Kirlin
980,896,"Herman, Osinski and Kemmer"
981,97,Baumbach Inc
982,290,"Dibbert, Champlin and Gutkowski"
983,578,"Graham, Bartell and Rosenbaum"
984,783,"Welch, Russel and Heidenreich"
985,174,Botsford-Okuneva
986,636,Reilly-Roberts
987,64,Cartwright Inc
988,287,Paucek-Monahan
989,713,"Frami, Tillman and Crooks"
990,529,"Larson, Connelly and Zboncak"
991,394,"Kuhic, Stamm and Konopelski"
992,63,"Bradtke, Reichert and Thiel"
993,566,Renner Inc
994,530,Homenick-Price
995,23,Deckow-McCullough
996,320,Block-Pollich
997,292,"Rutherford, Jerde and Muller"
998,861,Hayes Inc
999,118,"Harber, Stehr and Christiansen"
1000,520,"Gutmann, Pouros and Wunsch"
