1,Jesenia McClure,Quitzon Group
2,Bret Friesen,Shields Inc
3,Ginger Veum,"Koepp, Conroy and Erdman"
4,Sharonda Gerlach V,"Dibbert, Spencer and Cremin"
5,Shawn Mueller,Mraz-Nolan
6,Dr. August Hegmann,"Gutkowski, Pfeffer and Schuppe"
7,Antony Schowalter,"Mraz, Simonis and Lakin"
8,Cindie Heathcote,Greenholt-Dare
9,Dot Marvin,Hessel LLC
10,Kellee Friesen,Sanford Group
11,Dale Ebert,Streich-Bednar
12,Hilario Cormier,"Jones, Stanton and Mills"
13,Chery Wiza,Veum-Zemlak
14,Avelina Cartwright,Rolfson LLC
15,Jed Gutkowski,"Blick, Jacobi and Hegmann"
16,Belkis Greenfelder IV,Weimann and Sons
17,Ms. Rosalind Batz,"Sawayn, Gaylord and Huels"
18,Mrs. Altha Tillman,"Legros, Howe and Muller"
19,Karoline Kulas,Kuhn and Sons
20,Lawrence Jast,"Funk, Sipes and Steuber"
21,Clark Mertz,Becker and Sons
22,Emerson Shields,Gottlieb LLC
23,Helga Nikolaus,Murazik-Beier
24,Robbin Boyle Jr.,"Powlowski, Swaniawski and Dach"
25,Derek Blick DDS,Nienow LLC
26,Derrick Hilll Sr.,Conn-Lubowitz
27,Evelynn Harvey,Walker-Trantow
28,Antony Rohan IV,"McDermott, Bednar and Stamm"
29,Cleopatra Kutch,Keeling and Sons
30,Lydia Pacocha,O'Reilly-Schamberger
31,Mrs. Roscoe Corwin,Deckow-Kuhn
32,Arlette Sipes,Lehner LLC
33,Marshall Lehner,Frami Inc
34,Mr. Alishia Beier,Pfannerstill-Frami
35,Remedios Greenfelder,"Homenick, Ruecker and Schiller"
36,Otto Runte,"Gorczany, Jones and Rohan"
37,Bebe Greenholt,Murphy LLC
38,Natashia Yost II,Considine and Sons
39,Louanne Luettgen,Tillman-Blanda
40,Clora Johns,"Rice, Little and Stark"
41,Mrs. Neoma Kiehn,Medhurst-Mayer
42,Vonda Heathcote,Kessler Inc
43,Alysia Stroman,Gleason Inc
44,Miss Aline Lockman,"Hintz, Sipes and Hahn"
45,Lynn Hahn,Gusikowski Inc
46,Tonisha Reichert,Jaskolski-Ward
47,Mrs. Bruce Schroeder,"West, Kirlin and Hills"
48,Mrs. Mayra Schamberger,Borer-Osinski
49,Celia Lindgren,Johns-Schinner
50,Scarlett Hayes,Steuber Group
